{"file": "./TRAIN/1_1.wav", "text": "MATCH NODE LABEL PERSON MAP KEY NAME VALUE OLIVER STONE RELATION RIGHT NODE MOVIE RETURN MOVIE DOT TITLE"}
{"file": "./TRAIN/2_1.wav", "text": "MATCH NODE MOVIE MAP KEY TITLE VALUE JUMANJI RELATION LEFT TYPE ACTED DIRECTED PRODUCED NODE PERSON RETURN PERSON DOT NAME"}
{"file": "./TRAIN/3_1.wav", "text": "MATCH NODE N WHERE N DOT NAME STARTS WITH PET RETURN N DOT NAME N DOT AGE"}
{"file": "./TRAIN/4_1.wav", "text": "MATCH NODE N MAP KEY NAME VALUE ANDRES DETACH DELETE N"}
{"file": "./TRAIN/5_1.wav", "text": "CREATE NODE N"}
{"file": "./TRAIN/1_2.wav", "text": "MATCH NODE LABEL PERSON MAP KEY NAME VALUE OLIVER STONE RELATION RIGHT NODE MOVIE RETURN MOVIE DOT TITLE"}
{"file": "./TRAIN/2_2.wav", "text": "MATCH NODE MOVIE MAP KEY TITLE VALUE JUMANJI RELATION LEFT TYPE ACTED DIRECTED PRODUCED NODE PERSON RETURN PERSON DOT NAME"}
{"file": "./TRAIN/3_2.wav", "text": "MATCH NODE N WHERE N DOT NAME STARTS WITH PET RETURN N DOT NAME N DOT AGE"}
{"file": "./TRAIN/4_2.wav", "text": "MATCH NODE N MAP KEY NAME VALUE ANDRES DETACH DELETE N"}
{"file": "./TRAIN/5_2.wav", "text": "CREATE NODE N"}
{"file": "./TRAIN/1_3.wav", "text": "MATCH NODE LABEL PERSON MAP KEY NAME VALUE OLIVER STONE RELATION RIGHT NODE MOVIE RETURN MOVIE DOT TITLE"}
{"file": "./TRAIN/2_3.wav", "text": "MATCH NODE MOVIE MAP KEY TITLE VALUE JUMANJI RELATION LEFT TYPE ACTED DIRECTED PRODUCED NODE PERSON RETURN PERSON DOT NAME"}
{"file": "./TRAIN/3_3.wav", "text": "MATCH NODE N WHERE N DOT NAME STARTS WITH PET RETURN N DOT NAME N DOT AGE"}
{"file": "./TRAIN/4_3.wav", "text": "MATCH NODE N MAP KEY NAME VALUE ANDRES DETACH DELETE N"}
{"file": "./TRAIN/5_3.wav", "text": "CREATE NODE N"}
{"file": "./TRAIN/6_1.wav", "text": "MATCH NODE N LABEL USELESS DELETE N"}
{"file": "./TRAIN/7_1.wav", "text": "MATCH NODE STUDENT MAP KEY NAME VALUE STEFAN SET STUDENT LABEL GERMAN RETURN STUDENT"}
{"file": "./TRAIN/8_1.wav", "text": "MATCH NODE N MAP KEY NAME VALUE EMIL REMOVE N LABEL SWEDISH BOSSMAN RETURN N"}
{"file": "./TRAIN/9_1.wav", "text": "MATCH NODE N WHERE N DOT AGE LESS THIRTY AND N DOT NAME EQUALS ANDRES RETURN N DOT NAME N DOT AGE"}
{"file": "./TRAIN/10_1.wav", "text": "MATCH NODE N MAP KEY NAME VALUE ANDRES RELATION RIGHT R TYPE KNOWS NODE DELETE R"}
{"file": "./TRAIN/6_2.wav", "text": "MATCH NODE N LABEL USELESS DELETE N"}
{"file": "./TRAIN/7_2.wav", "text": "MATCH NODE STUDENT MAP KEY NAME VALUE STEFAN SET STUDENT LABEL GERMAN RETURN STUDENT"}
{"file": "./TRAIN/8_2.wav", "text": "MATCH NODE N MAP KEY NAME VALUE EMIL REMOVE N LABEL SWEDISH BOSSMAN RETURN N"}
{"file": "./TRAIN/9_2.wav", "text": "MATCH NODE N WHERE N DOT AGE LESS THIRTY AND N DOT NAME EQUALS ANDRES RETURN N DOT NAME N DOT AGE"}
{"file": "./TRAIN/10_2.wav", "text": "MATCH NODE N MAP KEY NAME VALUE ANDRES RELATION RIGHT R TYPE KNOWS NODE DELETE R"}
{"file": "./TRAIN/6_3.wav", "text": "MATCH NODE N LABEL USELESS DELETE N"}
{"file": "./TRAIN/7_3.wav", "text": "MATCH NODE STUDENT MAP KEY NAME VALUE STEFAN SET STUDENT LABEL GERMAN RETURN STUDENT"}
{"file": "./TRAIN/8_3.wav", "text": "MATCH NODE N MAP KEY NAME VALUE EMIL REMOVE N LABEL SWEDISH BOSSMAN RETURN N"}
{"file": "./TRAIN/9_3.wav", "text": "MATCH NODE N WHERE N DOT AGE LESS THIRTY AND N DOT NAME EQUALS ANDRES RETURN N DOT NAME N DOT AGE"}
{"file": "./TRAIN/10_3.wav", "text": "MATCH NODE N MAP KEY NAME VALUE ANDRES RELATION RIGHT R TYPE KNOWS NODE DELETE R"}
{"file": "./TRAIN/11_1.wav", "text": "MATCH NODE A LABEL PERSON NODE B LABEL PERSON WHERE A DOT NAME EQUALS NODO A AND B DOT NAME EQUALS NODO B CREATE NODE A RELATION RIGHT R TYPE RELTYPE NODE B RETURN R"}
{"file": "./TRAIN/12_1.wav", "text": "MATCH NODE A LABEL USER ADMIN RELATION RIGHT NODE B"}
{"file": "./TRAIN/13_1.wav", "text": "MATCH NODE N RELATION RIGHT K TYPE KNOWS NODE F WHERE K DOT SINCE LESS TWO THOUSAND RETURN F DOT NAME F DOT AGE F DOT EMAIL"}
{"file": "./TRAIN/14_1.wav", "text": "MATCH NODE AT MAP KEY NAME VALUE ROBERT NODE PN MAP KEY NAME VALUE PETER SET AT EQUALS PN RETURN AT PN"}
{"file": "./TRAIN/15_1.wav", "text": "MATCH NODE PIPPO WHERE NOT N DOT NAME ENDS WITH STOCCOLMA RETURN N DOT NAME N DOT AGE"}
{"file": "./TRAIN/11_2.wav", "text": "MATCH NODE A LABEL PERSON NODE B LABEL PERSON WHERE A DOT NAME EQUALS NODO A AND B DOT NAME EQUALS NODO B CREATE NODE A RELATION RIGHT R TYPE RELTYPE NODE B RETURN R"}
{"file": "./TRAIN/12_2.wav", "text": "MATCH NODE A LABEL USER ADMIN RELATION RIGHT NODE B"}
{"file": "./TRAIN/13_2.wav", "text": "MATCH NODE N RELATION RIGHT K TYPE KNOWS NODE F WHERE K DOT SINCE LESS TWO THOUSAND RETURN F DOT NAME F DOT AGE F DOT EMAIL"}
{"file": "./TRAIN/14_2.wav", "text": "MATCH NODE AT MAP KEY NAME VALUE ROBERT NODE PN MAP KEY NAME VALUE PETER SET AT EQUALS PN RETURN AT PN"}
{"file": "./TRAIN/15_2.wav", "text": "MATCH NODE PIPPO WHERE NOT N DOT NAME ENDS WITH STOCCOLMA RETURN N DOT NAME N DOT AGE"}
{"file": "./TRAIN/11_3.wav", "text": "MATCH NODE A LABEL PERSON NODE B LABEL PERSON WHERE A DOT NAME EQUALS NODO A AND B DOT NAME EQUALS NODO B CREATE NODE A RELATION RIGHT R TYPE RELTYPE NODE B RETURN R"}
{"file": "./TRAIN/12_3.wav", "text": "MATCH NODE A LABEL USER ADMIN RELATION RIGHT NODE B"}
{"file": "./TRAIN/13_3.wav", "text": "MATCH NODE N RELATION RIGHT K TYPE KNOWS NODE F WHERE K DOT SINCE LESS TWO THOUSAND RETURN F DOT NAME F DOT AGE F DOT EMAIL"}
{"file": "./TRAIN/14_3.wav", "text": "MATCH NODE AT MAP KEY NAME VALUE ROBERT NODE PN MAP KEY NAME VALUE PETER SET AT EQUALS PN RETURN AT PN"}
{"file": "./TRAIN/15_3.wav", "text": "MATCH NODE PIPPO WHERE NOT N DOT NAME ENDS WITH STOCCOLMA RETURN N DOT NAME N DOT AGE"}
{"file": "./TRAIN/16_1.wav", "text": "MATCH NODE N RETURN N"}
{"file": "./TRAIN/17_1.wav", "text": "MATCH NODE N MAP KEY NAME VALUE ANDRES SET N DOT SURNAME EQUALS TAYLOR RETURN N"}
{"file": "./TRAIN/18_1.wav", "text": "MATCH NODE ANDRES MAP KEY NAME VALUE ANDRES REMOVE ANDRES DOT AGE RETURN ANDRES"}
{"file": "./TRAIN/19_1.wav", "text": "MATCH NODE CHARLIE LABEL PERSON RELATION LENGTH MAP KEY BLOCKED VALUE FALSE NODE MARTIN LABEL PERSON WHERE CHARLIE DOT NAME EQUALS CHARLIE SHEEN AND MARTIN DOT NAME EQUALS MARTIN SHEEN RETURN CHARLIE MARTIN"}
{"file": "./TRAIN/20_1.wav", "text": "CREATE NODE A MAP KEY NAME VALUE ANDRES KEY TITLE VALUE DEVELOPER"}
{"file": "./TRAIN/16_2.wav", "text": "MATCH NODE N RETURN N"}
{"file": "./TRAIN/17_2.wav", "text": "MATCH NODE N MAP KEY NAME VALUE ANDRES SET N DOT SURNAME EQUALS TAYLOR RETURN N"}
{"file": "./TRAIN/18_2.wav", "text": "MATCH NODE ANDRES MAP KEY NAME VALUE ANDRES REMOVE ANDRES DOT AGE RETURN ANDRES"}
{"file": "./TRAIN/19_2.wav", "text": "MATCH NODE CHARLIE LABEL PERSON RELATION LENGTH MAP KEY BLOCKED VALUE FALSE NODE MARTIN LABEL PERSON WHERE CHARLIE DOT NAME EQUALS CHARLIE SHEEN AND MARTIN DOT NAME EQUALS MARTIN SHEEN RETURN CHARLIE MARTIN"}
{"file": "./TRAIN/20_2.wav", "text": "CREATE NODE A MAP KEY NAME VALUE ANDRES KEY TITLE VALUE DEVELOPER"}
{"file": "./TRAIN/16_3.wav", "text": "MATCH NODE N RETURN N"}
{"file": "./TRAIN/17_3.wav", "text": "MATCH NODE N MAP KEY NAME VALUE ANDRES SET N DOT SURNAME EQUALS TAYLOR RETURN N"}
{"file": "./TRAIN/18_3.wav", "text": "MATCH NODE ANDRES MAP KEY NAME VALUE ANDRES REMOVE ANDRES DOT AGE RETURN ANDRES"}
{"file": "./TRAIN/19_3.wav", "text": "MATCH NODE CHARLIE LABEL PERSON RELATION LENGTH MAP KEY BLOCKED VALUE FALSE NODE MARTIN LABEL PERSON WHERE CHARLIE DOT NAME EQUALS CHARLIE SHEEN AND MARTIN DOT NAME EQUALS MARTIN SHEEN RETURN CHARLIE MARTIN"}
{"file": "./TRAIN/20_3.wav", "text": "CREATE NODE A MAP KEY NAME VALUE ANDRES KEY TITLE VALUE DEVELOPER"}
{"file": "./TRAIN/21_1.wav", "text": "MERGE NODE ROBERT LABEL CRITIC RETURN ROBERT"}
{"file": "./TRAIN/22_1.wav", "text": "MATCH NODE WALLSTREET LABEL MOVIE MAP KEY TITLE VALUE WALL STREET RELATION LEFT TYPE ACTED NODE ACTOR RETURN ACTOR DOT NAME"}
{"file": "./TRAIN/23_1.wav", "text": "MATCH NODE GLADIATOR LABEL MOVIE MAP KEY TITLE VALUE THE GLADIATOR RELATION LENGTH START ZERO END ONE NODE X RETURN X"}
{"file": "./TRAIN/21_2.wav", "text": "MERGE NODE ROBERT LABEL CRITIC RETURN ROBERT"}
{"file": "./TRAIN/22_2.wav", "text": "MATCH NODE WALLSTREET LABEL MOVIE MAP KEY TITLE VALUE WALL STREET RELATION LEFT TYPE ACTED NODE ACTOR RETURN ACTOR DOT NAME"}
{"file": "./TRAIN/23_2.wav", "text": "MATCH NODE GLADIATOR LABEL MOVIE MAP KEY TITLE VALUE THE GLADIATOR RELATION LENGTH START ZERO END ONE NODE X RETURN X"}
{"file": "./TRAIN/21_3.wav", "text": "MERGE NODE ROBERT LABEL CRITIC RETURN ROBERT"}
{"file": "./TRAIN/22_3.wav", "text": "MATCH NODE WALLSTREET LABEL MOVIE MAP KEY TITLE VALUE WALL STREET RELATION LEFT TYPE ACTED NODE ACTOR RETURN ACTOR DOT NAME"}
{"file": "./TRAIN/23_3.wav", "text": "MATCH NODE GLADIATOR LABEL MOVIE MAP KEY TITLE VALUE THE GLADIATOR RELATION LENGTH START ZERO END ONE NODE X RETURN X"}